Area,1910,1911,1912,1913,1914,1915,1916,1917,1918,1919,1920,1921,1922,1923,1924,1925,1926,1927,1928,1929,1930,1931,1932,1933,1934,1935,1936,1937,1938,1939,1940,1941,1942,1943,1944,1945,1946,1947,1948,1949,1950,1951,1952,1953,1954,1955,1956,1957,1958,1959,1960,1961,1962,1963,1964,1965,1966,1967,1968,1969,1970,1971,1972,1973,1974,1975,1976,1977,1978,1979,1980,1981,1982,1983,1984,1985,1986,1987,1988,1989,1990,1991,1992,1993,1994,1995,1996,1997,1998,1999,2000,2001,2002,2003,2004,2005,2006,2007,2008,2009,2010,2011,2012,2013,2014,2015,2016,2017,2018,2019,2020,2021,2022,2023,2024,2025
AL,5024279.0,4999824.7,4975370.4,4950916.1,4926461.8,4902007.5,4877553.2,4853098.9,4828644.6,4804190.3,4779736.0,4746472.4,4713208.8,4679945.2,4646681.6,4613418.0,4580154.4,4546890.8,4513627.2,4480363.6,4447100.0,4406448.7,4365797.4,4325146.1,4284494.8,4243843.5,4203192.2,4162540.9,4121889.6,4081238.3,4040587.0,4025917.1,4011247.2,3996577.3,3981907.4,3967237.5,3952567.6,3937897.7,3923227.8,3908557.9,3893888.0,3848915.7,3803943.4,3758971.1,3713998.8,3669026.5,3624054.2,3579081.9,3534109.6,3489137.3,3444165.0,3426422.5,3408680.0,3390937.5,3373195.0,3355452.5,3337710.0,3319967.5,3302225.0,3284482.5,3266740.0,3246240.3,3225740.6,3205240.9,3184741.2,3164241.5,3143741.8,3123242.1,3102742.4,3082242.7,3061743.0,3038864.8,3015986.6,2993108.4,2970230.2,2947352.0,2924473.8,2901595.6,2878717.4,2855839.2,2832961.0,2814289.7,2795618.4,2776947.1,2758275.8,2739604.5,2720933.2,2702261.9,2683590.6,2664919.3,2646248.0,2616440.6,2586633.2,2556825.8,2527018.4,2497211.0,2467403.6,2437596.2,2407788.8,2377981.4,2348174.0,2327165.9,2306157.8,2285149.7,2264141.6,2243133.5,2222125.4,2201117.3,2180109.2,2159101.1,2138093.0,2117084.9,2096076.8,2075068.7,2054060.6,2033052.5
AK,733391.0,731075.0,728759.0,726443.0,724127.0,721811.0,719495.0,717179.0,714863.0,712547.0,710231.0,701901.1,693571.2,685241.3,676911.4,668581.5,660251.6,651921.7,643591.8,635261.9,626932.0,619243.1,611554.2,603865.3,596176.4,588487.5,580798.6,573109.7,565420.8,557731.9,550043.0,535223.8,520404.6,505585.4,490766.2,475947.0,461127.8,446308.6,431489.4,416670.2,401851.0,391704.1,381557.2,371410.3,361263.4,351116.5,340969.6,330822.7,320675.8,310528.9,300382.0,292960.5,285539.0,278117.5,270696.0,263274.5,255853.0,248431.5,241010.0,233588.5,226167.0,216414.6,206662.2,196909.8,187157.4,177405.0,167652.6,157900.2,148147.8,138395.40000000002,128643.0,123031.1,117419.2,111807.3,106195.4,100583.5,94971.6,89359.70000000001,83747.8,78135.9,72524.0,71199.4,69874.8,68550.2,67225.6,65901.0,64576.4,63251.8,61927.2,60602.6,59278.0,58853.8,58429.6,58005.4,57581.2,57157.0,56732.8,56308.6,55884.4,55460.2,55036.0,55968.0,56900.0,57832.0,58764.0,59696.0,60628.0,61560.0,62492.0,63424.0,64356.0,65288.0,66220.0,67152.0,68084.0,69016.0
AZ,7151502.0,7075553.5,6999605.0,6923656.5,6847708.0,6771759.5,6695811.0,6619862.5,6543914.0,6467965.5,6392017.0,6265878.5,6139740.0,6013601.5,5887463.0,5761324.5,5635186.0,5509047.5,5382909.0,5256770.5,5130632.0,4984091.6,4837551.2,4691010.8,4544470.4,4397930.0,4251389.6,4104849.2,3958308.8,3811768.4,3665228.0,3570526.7,3475825.4,3381124.1,3286422.8,3191721.5,3097020.2,3002318.9,2907617.6,2812916.3,2718215.0,2623483.5,2528752.0,2434020.5,2339289.0,2244557.5,2149826.0,2055094.5,1960363.0,1865631.5,1770900.0,1724026.1,1677152.2,1630278.3,1583404.4,1536530.5,1489656.6,1442782.7,1395908.8,1349034.9,1302161.0,1246903.6,1191646.2,1136388.8,1081131.4,1025874.0,970616.6,915359.2,860101.8,804844.3999999999,749587.0,724554.4,699521.8,674489.2,649456.6,624424.0,599391.4,574358.8,549326.2,524293.6,499261.0,492892.2,486523.4,480154.6,473785.8,467417.0,461048.2,454679.4,448310.6,441941.8,435573.0,425431.9,415290.8,405149.7,395008.6,384867.5,374726.4,364585.3,354444.2,344303.1,334162.0,321181.2,308200.4,295219.6,282238.8,269258.0,256277.2,243296.4,230315.6,217334.8,204354.0,191373.2,178392.4,165411.6,152430.8,139450.0
AR,3011524.0,3001963.4,2992402.8,2982842.2,2973281.6,2963721.0,2954160.4,2944599.8,2935039.2,2925478.6,2915918.0,2891666.2,2867414.4,2843162.6,2818910.8,2794659.0,2770407.2,2746155.4,2721903.6,2697651.8,2673400.0,2641132.5,2608865.0,2576597.5,2544330.0,2512062.5,2479795.0,2447527.5,2415260.0,2382992.5,2350725.0,2344296.0,2337867.0,2331438.0,2325009.0,2318580.0,2312151.0,2305722.0,2299293.0,2292864.0,2286435.0,2250121.0,2213807.0,2177493.0,2141179.0,2104865.0,2068551.0,2032237.0,1995923.0,1959609.0,1923295.0,1909592.7,1895890.4,1882188.1,1868485.8,1854783.5,1841081.2,1827378.9,1813676.6,1799974.3,1786272.0,1798595.9,1810919.8,1823243.7,1835567.6,1847891.5,1860215.4,1872539.3,1884863.2,1897187.1,1909511.0,1913498.6,1917486.2,1921473.8,1925461.4,1929449.0,1933436.6,1937424.2,1941411.8,1945399.4,1949387.0,1939896.5,1930406.0,1920915.5,1911425.0,1901934.5,1892444.0,1882953.5,1873463.0,1863972.5,1854482.0,1844254.2,1834026.4,1823798.6,1813570.8,1803343.0,1793115.2,1782887.4,1772659.6,1762431.8,1752204.0,1734428.5,1716653.0,1698877.5,1681102.0,1663326.5,1645551.0,1627775.5,1610000.0,1592224.5,1574449.0,1556673.5,1538898.0,1521122.5,1503347.0,1485571.5
CA,39538223.0,39309796.3,39081369.6,38852942.9,38624516.2,38396089.5,38167662.8,37939236.1,37710809.4,37482382.7,37253956.0,36915725.2,36577494.4,36239263.6,35901032.8,35562802.0,35224571.2,34886340.4,34548109.6,34209878.8,33871648.0,33460485.3,33049322.6,32638159.9,32226997.2,31815834.5,31404671.8,30993509.1,30582346.4,30171183.7,29760021.0,29150809.1,28541597.2,27932385.3,27323173.4,26713961.5,26104749.6,25495537.7,24886325.8,24277113.9,23667902.0,23296425.2,22924948.4,22553471.6,22181994.8,21810518.0,21439041.2,21067564.4,20696087.6,20324610.8,19953134.0,19529541.0,19105948.0,18682355.0,18258762.0,17835169.0,17411576.0,16987983.0,16564390.0,16140797.0,15717204.0,15204105.9,14691007.8,14177909.7,13664811.6,13151713.5,12638615.4,12125517.3,11612419.2,11099321.1,10586223.0,10218339.4,9850455.8,9482572.2,9114688.6,8746805.0,8378921.4,8011037.800000001,7643154.2,7275270.6,6907387.0,6784373.4,6661359.8,6538346.2,6415332.6,6292319.0,6169305.4,6046291.8,5923278.2,5800264.6,5677251.0,5452212.0,5227173.0,5002134.0,4777095.0,4552056.0,4327017.0,4101978.0,3876939.0,3651900.0,3426861.0,3321929.8,3216998.6,3112067.4,3007136.2,2902205.0,2797273.8,2692342.6,2587411.4,2482480.2,2377549.0,2272617.8,2167686.6,2062755.4,1957824.2,1852893.0
CO,5773714.0,5699262.2,5624810.4,5550358.6,5475906.8,5401455.0,5327003.2,5252551.4,5178099.6,5103647.8,5029196.0,4956402.5,4883609.0,4810815.5,4738022.0,4665228.5,4592435.0,4519641.5,4446848.0,4374054.5,4301261.0,4200574.3,4099887.6,3999200.9,3898514.2,3797827.5,3697140.8,3596454.1,3495767.4,3395080.7,3294394.0,3253951.0,3213508.0,3173065.0,3132622.0,3092179.0,3051736.0,3011293.0,2970850.0,2930407.0,2889964.0,2821693.5,2753423.0,2685152.5,2616882.0,2548611.5,2480341.0,2412070.5,2343800.0,2275529.5,2207259.0,2161927.8,2116596.6,2071265.4,2025934.2,1980603.0,1935271.8,1889940.6,1844609.4,1799278.2,1753947.0,1711061.2,1668175.4,1625289.6,1582403.8,1539518.0,1496632.2,1453746.4,1410860.6,1367974.8,1325089.0,1304909.7,1284730.4,1264551.1,1244371.8,1224192.5,1204013.2,1183833.9,1163654.6,1143475.3,1123296.0,1114545.5,1105795.0,1097044.5,1088294.0,1079543.5,1070793.0,1062042.5,1053292.0,1044541.5,1035791.0,1026174.8,1016558.6,1006942.4,997326.2,987710.0,978093.8,968477.6,958861.4,949245.2,939629.0,925568.5,911508.0,897447.5,883387.0,869326.5,855266.0,841205.5,827145.0,813084.5,799024.0,784963.5,770903.0,756842.5,742782.0,728721.5
CT,3605944.0,3602759.3,3599574.6,3596389.9,3593205.2,3590020.5,3586835.8,3583651.1,3580466.4,3577281.7,3574097.0,3557243.8,3540390.6,3523537.4,3506684.2,3489831.0,3472977.8,3456124.6,3439271.4,3422418.2,3405565.0,3393720.1,3381875.2,3370030.3,3358185.4,3346340.5,3334495.6,3322650.7,3310805.8,3298960.9,3287116.0,3269162.0,3251208.0,3233254.0,3215300.0,3197346.0,3179392.0,3161438.0,3143484.0,3125530.0,3107576.0,3099989.3,3092402.6,3084815.9,3077229.2,3069642.5,3062055.8,3054469.1,3046882.4,3039295.7,3031709.0,2982061.5,2932414.0,2882766.5,2833119.0,2783471.5,2733824.0,2684176.5,2634529.0,2584881.5,2535234.0,2482438.6,2429643.2,2376847.8,2324052.4,2271257.0,2218461.6,2165666.2,2112870.8,2060075.4,2007280.0,1977476.2,1947672.4,1917868.6,1888064.8,1858261.0,1828457.2,1798653.4,1768849.6,1739045.8,1709242.0,1699008.1,1688774.2,1678540.3,1668306.4,1658072.5,1647838.6,1637604.7,1627370.8,1617136.9,1606903.0,1584275.8,1561648.6,1539021.4,1516394.2,1493767.0,1471139.8,1448512.6,1425885.4,1403258.2,1380631.0,1354043.5,1327456.0,1300868.5,1274281.0,1247693.5,1221106.0,1194518.5,1167931.0,1141343.5,1114756.0,1088168.5,1061581.0,1034993.5,1008406.0,981818.5
DE,989948.0,980746.6,971545.2,962343.8,953142.4,943941.0,934739.6,925538.2,916336.8,907135.4,897934.0,886500.6,875067.2,863633.8,852200.4,840767.0,829333.6,817900.2,806466.8,795033.4,783600.0,771856.8,760113.6,748370.4,736627.2,724884.0,713140.8,701397.6,689654.4,677911.2,666168.0,658985.0,651802.0,644619.0,637436.0,630253.0,623070.0,615887.0,608704.0,601521.0,594338.0,589714.6,585091.2,580467.8,575844.4,571221.0,566597.6,561974.2,557350.8,552727.4,548104.0,537922.8,527741.6,517560.4,507379.2,497198.0,487016.8,476835.6,466654.4,456473.2,446292.0,433471.3,420650.6,407829.9,395009.2,382188.5,369367.8,356547.1,343726.4,330905.7,318085.0,312927.0,307769.0,302611.0,297453.0,292295.0,287137.0,281979.0,276821.0,271663.0,266505.0,263692.5,260880.0,258067.5,255255.0,252442.5,249630.0,246817.5,244005.0,241192.5,238380.0,236842.3,235304.6,233766.9,232229.2,230691.5,229153.8,227616.1,226078.4,224540.7,223003.0,220934.9,218866.8,216798.7,214730.6,212662.5,210594.4,208526.3,206458.2,204390.1,202322.0,200253.9,198185.8,196117.7,194049.6,191981.5
DC,689545.0,680762.8,671980.6,663198.4,654416.2,645634.0,636851.8,628069.6,619287.4,610505.2,601723.0,598756.6,595790.2,592823.8,589857.4,586891.0,583924.6,580958.2,577991.8,575025.4,572059.0,575543.1,579027.2,582511.3,585995.4,589479.5,592963.6,596447.7,599931.8,603415.9,606900.0,610043.3,613186.6,616329.9,619473.2,622616.5,625759.8,628903.1,632046.4,635189.7,638333.0,650150.7,661968.4,673786.1,685603.8,697421.5,709239.2,721056.9,732874.6,744692.3,756510.0,757254.6,757999.2,758743.8,759488.4,760233.0,760977.6,761722.2,762466.8,763211.4,763956.0,767778.2,771600.4,775422.6,779244.8,783067.0,786889.2,790711.4,794533.6,798355.8,802178.0,788269.3,774360.6,760451.9,746543.2,732634.5,718725.8,704817.1,690908.4,676999.7,663091.0,645468.8,627846.6,610224.4,592602.2,574980.0,557357.8,539735.6,522113.4,504491.2,486869.0,481939.2,477009.4,472079.6,467149.8,462220.0,457290.2,452360.4,447430.6,442500.8,437571.0,426920.8,416270.6,405620.4,394970.2,384320.0,373669.8,363019.6,352369.4,341719.2,331069.0,320418.8,309768.6,299118.4,288468.2,277818.0
FL,21538187.0,21264499.3,20990811.6,20717123.9,20443436.2,20169748.5,19896060.8,19622373.1,19348685.4,19074997.7,18801310.0,18519416.8,18237523.6,17955630.4,17673737.2,17391844.0,17109950.8,16828057.6,16546164.4,16264271.2,15982378.0,15677932.8,15373487.6,15069042.4,14764597.2,14460152.0,14155706.8,13851261.6,13546816.4,13242371.2,12937926.0,12618765.8,12299605.6,11980445.4,11661285.2,11342125.0,11022964.8,10703804.6,10384644.4,10065484.2,9746324.0,9450635.9,9154947.8,8859259.7,8563571.6,8267883.5,7972195.4,7676507.300000001,7380819.2,7085131.1,6789443.0,6605654.7,6421866.4,6238078.1,6054289.8,5870501.5,5686713.2,5502924.9,5319136.6,5135348.3,4951560.0,4733534.5,4515509.0,4297483.5,4079458.0,3861432.5,3643407.0,3425381.5,3207356.0,2989330.5,2771305.0,2683915.9,2596526.8,2509137.7,2421748.6,2334359.5,2246970.4,2159581.3,2072192.2,1984803.1,1897414.0,1854493.7,1811573.4,1768653.1,1725732.8,1682812.5,1639892.2,1596971.9,1554051.6,1511131.3,1468211.0,1418236.9,1368262.8,1318288.7,1268314.6,1218340.5,1168366.4,1118392.3,1068418.2,1018444.1,968470.0,946884.9,925299.8,903714.7,882129.6,860544.5,838959.4,817374.3,795789.2,774204.1,752619.0,731033.9,709448.8,687863.7,666278.6,644693.5
GA,10711908.0,10609482.5,10507057.0,10404631.5,10302206.0,10199780.5,10097355.0,9994929.5,9892504.0,9790078.5,9687653.0,9537533.0,9387413.0,9237293.0,9087173.0,8937053.0,8786933.0,8636813.0,8486693.0,8336573.0,8186453.0,8015629.3,7844805.6,7673981.9,7503158.2,7332334.5,7161510.8,6990687.1,6819863.4,6649039.7,6478216.0,6376704.9,6275193.8,6173682.7,6072171.6,5970660.5,5869149.4,5767638.3,5666127.2,5564616.1,5463105.0,5375752.0,5288399.0,5201046.0,5113693.0,5026340.0,4938987.0,4851634.0,4764281.0,4676928.0,4589575.0,4524929.1,4460283.2,4395637.3,4330991.4,4266345.5,4201699.6,4137053.7,4072407.8,4007761.9,3943116.0,3893262.2,3843408.4,3793554.6,3743700.8,3693847.0,3643993.2,3594139.4,3544285.6,3494431.8,3444578.0,3412492.5,3380407.0,3348321.5,3316236.0,3284150.5,3252065.0,3219979.5,3187894.0,3155808.5,3123723.0,3102201.3,3080679.6,3059157.9,3037636.2,3016114.5,2994592.8,2973071.1,2951549.4,2930027.7,2908506.0,2907238.6,2905971.2,2904703.8,2903436.4,2902169.0,2900901.6,2899634.2,2898366.8,2897099.4,2895832.0,2867160.9,2838489.8,2809818.7,2781147.6,2752476.5,2723805.4,2695134.3,2666463.2,2637792.1,2609121.0,2580449.9,2551778.8,2523107.7,2494436.6,2465765.5
HI,1455271.0,1445774.0,1436277.0,1426780.0,1417283.0,1407786.0,1398289.0,1388792.0,1379295.0,1369798.0,1360301.0,1345424.6,1330548.2,1315671.8,1300795.4,1285919.0,1271042.6,1256166.2,1241289.8,1226413.4,1211537.0,1201206.2,1190875.4,1180544.6,1170213.8,1159883.0,1149552.2,1139221.4,1128890.6,1118559.8,1108229.0,1093875.2,1079521.4,1065167.6,1050813.8,1036460.0,1022106.2,1007752.4,993398.6,979044.8,964691.0,945078.0,925465.0,905852.0,886239.0,866626.0,847013.0,827400.0,807787.0,788174.0,768561.0,754982.1,741403.2,727824.3,714245.4,700666.5,687087.6,673508.7,659929.8,646350.9,632772.0,619474.2,606176.4,592878.6,579580.8,566283.0,552985.2,539687.4,526389.6,513091.8,499794.0,492147.6,484501.2,476854.8,469208.4,461562.0,453915.6,446269.2,438622.8,430976.4,423330.0,417830.6,412331.2,406831.8,401332.4,395833.0,390333.6,384834.2,379334.8,373835.4,368336.0,357093.6,345851.2,334608.8,323366.4,312124.0,300881.6,289639.2,278396.8,267154.4,255912.0,249511.7,243111.4,236711.1,230310.8,223910.5,217510.2,211109.9,204709.6,198309.3,191909.0,185508.7,179108.4,172708.1,166307.8,159907.5
ID,1839106.0,1811953.6,1784801.2,1757648.8,1730496.4,1703344.0,1676191.6,1649039.2,1621886.8,1594734.4,1567582.0,1540219.1,1512856.2,1485493.3,1458130.4,1430767.5,1403404.6,1376041.7,1348678.8,1321315.9,1293953.0,1265232.6,1236512.2,1207791.8,1179071.4,1150351.0,1121630.6,1092910.2,1064189.8,1035469.4,1006749.0,1000467.6,994186.2,987904.8,981623.4,975342.0,969060.6,962779.2,956497.8,950216.4,943935.0,920798.2,897661.4,874524.6,851387.8,828251.0,805114.2,781977.4,758840.6,735703.8,712567.0,708029.4,703491.8,698954.2,694416.6,689879.0,685341.4,680803.8,676266.2,671728.6,667191.0,659335.6,651480.2,643624.8,635769.4,627914.0,620058.6,612203.2,604347.8,596492.4,588637.0,582260.6,575884.2,569507.8,563131.4,556755.0,550378.6,544002.2,537625.8,531249.4,524873.0,516888.9,508904.8,500920.7,492936.6,484952.5,476968.4,468984.3,461000.2,453016.1,445032.0,443715.4,442398.8,441082.2,439765.6,438449.0,437132.4,435815.8,434499.2,433182.6,431866.0,421238.8,410611.6,399984.4,389357.2,378730.0,368102.8,357475.6,346848.4,336221.2,325594.0,314966.8,304339.6,293712.4,283085.2,272458.0
IL,12812508.0,12814320.4,12816132.8,12817945.2,12819757.6,12821570.0,12823382.4,12825194.8,12827007.2,12828819.6,12830632.0,12789498.1,12748364.2,12707230.3,12666096.4,12624962.5,12583828.6,12542694.7,12501560.8,12460426.9,12419293.0,12320423.9,12221554.8,12122685.7,12023816.6,11924947.5,11826078.4,11727209.3,11628340.2,11529471.1,11430602.0,11430193.6,11429785.2,11429376.8,11428968.4,11428560.0,11428151.6,11427743.2,11427334.8,11426926.4,11426518.0,11395263.8,11364009.6,11332755.4,11301501.2,11270247.0,11238992.8,11207738.6,11176484.4,11145230.2,11113976.0,11010694.2,10907412.4,10804130.6,10700848.8,10597567.0,10494285.2,10391003.4,10287721.6,10184439.8,10081158.0,9944259.8,9807361.6,9670463.4,9533565.2,9396667.0,9259768.8,9122870.6,8985972.4,8849074.2,8712176.0,8630682.5,8549189.0,8467695.5,8386202.0,8304708.5,8223215.0,8141721.5,8060228.0,7978734.5,7897241.0,7870582.3,7843923.6,7817264.9,7790606.2,7763947.5,7737288.8,7710630.1,7683971.4,7657312.7,7630654.0,7516116.6,7401579.2,7287041.8,7172504.4,7057967.0,6943429.6,6828892.2,6714354.8,6599817.4,6485280.0,6400611.1,6315942.2,6231273.3,6146604.4,6061935.5,5977266.6,5892597.7,5807928.8,5723259.9,5638591.0,5553922.1,5469253.2,5384584.3,5299915.4,5215246.5
IN,6785528.0,6755355.4,6725182.8,6695010.2,6664837.6,6634665.0,6604492.4,6574319.8,6544147.2,6513974.6,6483802.0,6443470.3,6403138.6,6362806.9,6322475.2,6282143.5,6241811.8,6201480.1,6161148.4,6120816.7,6080485.0,6026852.4,5973219.8,5919587.2,5865954.6,5812322.0,5758689.4,5705056.8,5651424.2,5597791.6,5544159.0,5538765.5,5533372.0,5527978.5,5522585.0,5517191.5,5511798.0,5506404.5,5501011.0,5495617.5,5490224.0,5460568.5,5430913.0,5401257.5,5371602.0,5341946.5,5312291.0,5282635.5,5252980.0,5223324.5,5193669.0,5140551.9,5087434.8,5034317.7,4981200.6,4928083.5,4874966.4,4821849.3,4768732.2,4715615.1,4662498.0,4589670.6,4516843.2,4444015.8,4371188.4,4298361.0,4225533.6,4152706.2,4079878.8,4007051.4,3934224.0,3883581.2,3832938.4,3782295.6,3731652.8,3681010.0,3630367.2,3579724.4,3529081.6,3478438.8,3427796.0,3408866.7,3389937.4,3371008.1,3352078.8,3333149.5,3314220.2,3295290.9,3276361.6,3257432.3,3238503.0,3207691.7,3176880.4,3146069.1,3115257.8,3084446.5,3053635.2,3022823.9,2992012.6,2961201.3,2930390.0,2907438.6,2884487.2,2861535.8,2838584.4,2815633.0,2792681.6,2769730.2,2746778.8,2723827.4,2700876.0,2677924.6,2654973.2,2632021.8,2609070.4,2586119.0
IA,3190369.0,3175967.6,3161566.2,3147164.8,3132763.4,3118362.0,3103960.6,3089559.2,3075157.8,3060756.4,3046355.0,3034351.9,3022348.8,3010345.7,2998342.6,2986339.5,2974336.4,2962333.3,2950330.2,2938327.1,2926324.0,2911367.1,2896410.2,2881453.3,2866496.4,2851539.5,2836582.6,2821625.7,2806668.8,2791711.9,2776755.0,2790460.3,2804165.6,2817870.9,2831576.2,2845281.5,2858986.8,2872692.1,2886397.4,2900102.7,2913808.0,2904864.8,2895921.6,2886978.4,2878035.2,2869092.0,2860148.8,2851205.6,2842262.4,2833319.2,2824376.0,2817692.1,2811008.2,2804324.3,2797640.4,2790956.5,2784272.6,2777588.7,2770904.8,2764220.9,2757537.0,2743890.6,2730244.2,2716597.8,2702951.4,2689305.0,2675658.6,2662012.2,2648365.8,2634719.4,2621073.0,2612792.5,2604512.0,2596231.5,2587951.0,2579670.5,2571390.0,2563109.5,2554829.0,2546548.5,2538268.0,2531535.1,2524802.2,2518069.3,2511336.4,2504603.5,2497870.6,2491137.7,2484404.8,2477671.9,2470939.0,2464247.2,2457555.4,2450863.6,2444171.8,2437480.0,2430788.2,2424096.4,2417404.6,2410712.8,2404021.0,2386096.0,2368171.0,2350246.0,2332321.0,2314396.0,2296471.0,2278546.0,2260621.0,2242696.0,2224771.0,2206846.0,2188921.0,2170996.0,2153071.0,2135146.0
KS,2937880.0,2929403.8,2920927.6,2912451.4,2903975.2,2895499.0,2887022.8,2878546.6,2870070.4,2861594.2,2853118.0,2836648.0,2820178.0,2803708.0,2787238.0,2770768.0,2754298.0,2737828.0,2721358.0,2704888.0,2688418.0,2667333.6,2646249.2,2625164.8,2604080.4,2582996.0,2561911.6,2540827.2,2519742.8,2498658.4,2477574.0,2466184.5,2454795.0,2443405.5,2432016.0,2420626.5,2409237.0,2397847.5,2386458.0,2375068.5,2363679.0,2351968.9,2340258.8,2328548.7,2316838.6,2305128.5,2293418.4,2281708.3,2269998.2,2258288.1,2246578.0,2239781.3,2232984.6,2226187.9,2219391.2,2212594.5,2205797.8,2199001.1,2192204.4,2185407.7,2178611.0,2151279.8,2123948.6,2096617.4,2069286.2,2041955.0,2014623.8,1987292.6,1959961.4,1932630.2,1905299.0,1894871.9,1884444.8,1874017.7,1863590.6,1853163.5,1842736.4,1832309.3,1821882.2,1811455.1,1801028.0,1809025.1,1817022.2,1825019.3,1833016.4,1841013.5,1849010.6,1857007.7,1865004.8,1873001.9,1880999.0,1869824.8,1858650.6,1847476.4,1836302.2,1825128.0,1813953.8,1802779.6,1791605.4,1780431.2,1769257.0,1761426.2,1753595.4,1745764.6,1737933.8,1730103.0,1722272.2,1714441.4,1706610.6,1698779.8,1690949.0,1683118.2,1675287.4,1667456.6,1659625.8,1651795.0
KY,4505836.0,4489189.1,4472542.2,4455895.3,4439248.4,4422601.5,4405954.6,4389307.7,4372660.8,4356013.9,4339367.0,4309607.2,4279847.4,4250087.6,4220327.8,4190568.0,4160808.2,4131048.4,4101288.6,4071528.8,4041769.0,4006121.7,3970474.4,3934827.1,3899179.8,3863532.5,3827885.2,3792237.9,3756590.6,3720943.3,3685296.0,3682844.1,3680392.2,3677940.3,3675488.4,3673036.5,3670584.6,3668132.7,3665680.8,3663228.9,3660777.0,3616569.9,3572362.8,3528155.7,3483948.6,3439741.5,3395534.4,3351327.3,3307120.2,3262913.1,3218706.0,3200651.0,3182596.0,3164541.0,3146486.0,3128431.0,3110376.0,3092321.0,3074266.0,3056211.0,3038156.0,3028821.0,3019486.0,3010151.0,3000816.0,2991481.0,2982146.0,2972811.0,2963476.0,2954141.0,2944806.0,2934888.1,2924970.2,2915052.3,2905134.4,2895216.5,2885298.6,2875380.7,2865462.8,2855544.9,2845627.0,2822523.2,2799419.4,2776315.6,2753211.8,2730108.0,2707004.2,2683900.4,2660796.6,2637692.8,2614589.0,2594793.1,2574997.2,2555201.3,2535405.4,2515609.5,2495813.6,2476017.7,2456221.8,2436425.9,2416630.0,2403957.5,2391285.0,2378612.5,2365940.0,2353267.5,2340595.0,2327922.5,2315250.0,2302577.5,2289905.0,2277232.5,2264560.0,2251887.5,2239215.0,2226542.5
LA,4657757.0,4645318.5,4632880.0,4620441.5,4608003.0,4595564.5,4583126.0,4570687.5,4558249.0,4545810.5,4533372.0,4526932.4,4520492.8,4514053.2,4507613.6,4501174.0,4494734.4,4488294.8,4481855.2,4475415.6,4468976.0,4444075.7,4419175.4,4394275.1,4369374.8,4344474.5,4319574.2,4294673.9,4269773.6,4244873.3,4219973.0,4218565.7,4217158.4,4215751.1,4214343.8,4212936.5,4211529.2,4210121.9,4208714.6,4207307.3,4205900.0,4149440.6,4092981.2,4036521.8,3980062.4,3923603.0,3867143.6,3810684.2,3754224.8,3697765.4,3641306.0,3602877.6,3564449.2,3526020.8,3487592.4,3449164.0,3410735.6,3372307.2,3333878.8,3295450.4,3257022.0,3199671.4,3142320.8,3084970.2,3027619.6,2970269.0,2912918.4,2855567.8,2798217.2,2740866.6,2683516.0,2651552.4,2619588.8,2587625.2,2555661.6,2523698.0,2491734.4,2459770.8,2427807.2,2395843.6,2363880.0,2337651.3,2311422.6,2285193.9,2258965.2,2232736.5,2206507.8,2180279.1,2154050.4,2127821.7,2101593.0,2071284.6,2040976.2,2010667.8,1980359.4,1950051.0,1919742.6,1889434.2,1859125.8,1828817.4,1798509.0,1784296.9,1770084.8,1755872.7,1741660.6,1727448.5,1713236.4,1699024.3,1684812.2,1670600.1,1656388.0,1642175.9,1627963.8,1613751.7,1599539.6,1585327.5
ME,1362359.0,1358959.2,1355559.4,1352159.6,1348759.8,1345360.0,1341960.2,1338560.4,1335160.6,1331760.8,1328361.0,1323017.2,1317673.4,1312329.6,1306985.8,1301642.0,1296298.2,1290954.4,1285610.6,1280266.8,1274923.0,1270223.5,1265524.0,1260824.5,1256125.0,1251425.5,1246726.0,1242026.5,1237327.0,1232627.5,1227928.0,1217601.2,1207274.4,1196947.6,1186620.8,1176294.0,1165967.2,1155640.4,1145313.6,1134986.8,1124660.0,1111398.8,1098137.6,1084876.4,1071615.2,1058354.0,1045092.8,1031831.6,1018570.4,1005309.2,992048.0,989769.7,987491.4,985213.1,982934.8,980656.5,978378.2,976099.9,973821.6,971543.3,969265.0,963715.9,958166.8,952617.7,947068.6,941519.5,935970.4,930421.3,924872.2,919323.1,913774.0,907119.2,900464.4,893809.6,887154.8,880500.0,873845.2,867190.4,860535.6,853880.8,847226.0,842245.7,837265.4,832285.1,827304.8,822324.5,817344.2,812363.9,807383.6,802403.3,797423.0,794482.1,791541.2,788600.3,785659.4,782718.5,779777.6,776836.7,773895.8,770954.9,768014.0,765449.7,762885.4,760321.1,757756.8,755192.5,752628.2,750063.9,747499.6,744935.3,742371.0,739806.7,737242.4,734678.1,732113.8,729549.5
MD,6177224.0,6136856.8,6096489.6,6056122.4,6015755.2,5975388.0,5935020.8,5894653.6,5854286.4,5813919.2,5773552.0,5725845.4,5678138.8,5630432.2,5582725.6,5535019.0,5487312.4,5439605.8,5391899.2,5344192.6,5296486.0,5244984.2,5193482.4,5141980.6,5090478.8,5038977.0,4987475.2,4935973.4,4884471.6,4832969.8,4781468.0,4725018.7,4668569.4,4612120.1,4555670.8,4499221.5,4442772.2,4386322.9,4329873.6,4273424.3,4216975.0,4187517.4,4158059.8,4128602.2,4099144.6,4069687.0,4040229.4,4010771.8,3981314.2,3951856.6,3922399.0,3840228.0,3758057.0,3675886.0,3593715.0,3511544.0,3429373.0,3347202.0,3265031.0,3182860.0,3100689.0,3024920.2,2949151.4,2873382.6,2797613.8,2721845.0,2646076.2,2570307.4,2494538.6,2418769.8,2343001.0,2290825.3,2238649.6,2186473.9,2134298.2,2082122.5,2029946.8,1977771.1,1925595.4,1873419.7,1821244.0,1802272.2,1783300.4,1764328.6,1745356.8,1726385.0,1707413.2,1688441.4,1669469.6,1650497.8,1631526.0,1613339.5,1595153.0,1576966.5,1558780.0,1540593.5,1522407.0,1504220.5,1486034.0,1467847.5,1449661.0,1434229.5,1418798.0,1403366.5,1387935.0,1372503.5,1357072.0,1341640.5,1326209.0,1310777.5,1295346.0,1279914.5,1264483.0,1249051.5,1233620.0,1218188.5
MA,7029917.0,6981688.2,6933459.4,6885230.6,6837001.8,6788773.0,6740544.2,6692315.4,6644086.6,6595857.8,6547629.0,6527775.8,6507922.6,6488069.4,6468216.2,6448363.0,6428509.8,6408656.6,6388803.4,6368950.2,6349097.0,6315829.8,6282562.6,6249295.4,6216028.2,6182761.0,6149493.8,6116226.6,6082959.4,6049692.2,6016425.0,5988486.2,5960547.4,5932608.6,5904669.8,5876731.0,5848792.2,5820853.4,5792914.6,5764975.8,5737037.0,5732250.3,5727463.6,5722676.9,5717890.2,5713103.5,5708316.8,5703530.1,5698743.4,5693956.7,5689170.0,5635110.8,5581051.6,5526992.4,5472933.2,5418874.0,5364814.8,5310755.6,5256696.4,5202637.2,5148578.0,5102771.6,5056965.2,5011158.8,4965352.4,4919546.0,4873739.6,4827933.2,4782126.8,4736320.4,4690514.0,4653134.7,4615755.4,4578376.1,4540996.8,4503617.5,4466238.2,4428858.9,4391479.6,4354100.3,4316721.0,4310010.3,4303299.6,4296588.9,4289878.2,4283167.5,4276456.8,4269746.1,4263035.4,4256324.7,4249614.0,4209888.2,4170162.4,4130436.6,4090710.8,4050985.0,4011259.2,3971533.4,3931807.6,3892081.8,3852356.0,3803762.0,3755168.0,3706574.0,3657980.0,3609386.0,3560792.0,3512198.0,3463604.0,3415010.0,3366416.0,3317822.0,3269228.0,3220634.0,3172040.0,3123446.0
MI,10077331.0,10057961.9,10038592.8,10019223.7,9999854.6,9980485.5,9961116.4,9941747.3,9922378.2,9903009.1,9883640.0,9889120.4,9894600.8,9900081.2,9905561.6,9911042.0,9916522.4,9922002.8,9927483.2,9932963.6,9938444.0,9874129.3,9809814.6,9745499.9,9681185.2,9616870.5,9552555.8,9488241.1,9423926.4,9359611.7,9295297.0,9291975.1,9288653.2,9285331.3,9282009.4,9278687.5,9275365.6,9272043.7,9268721.8,9265399.9,9262078.0,9223378.5,9184679.0,9145979.5,9107280.0,9068580.5,9029881.0,8991181.5,8952482.0,8913782.5,8875083.0,8769894.1,8664705.2,8559516.3,8454327.4,8349138.5,8243949.6,8138760.7,8033571.8,7928382.9,7823194.0,7678051.2,7532908.4,7387765.6,7242622.8,7097480.0,6952337.2,6807194.4,6662051.6,6516908.8,6371766.0,6260200.0,6148634.0,6037068.0,5925502.0,5813936.0,5702370.0,5590804.0,5479238.0,5367672.0,5256106.0,5214727.9,5173349.8,5131971.7,5090593.6,5049215.5,5007837.4,4966459.3,4925081.2,4883703.1,4842325.0,4724933.7,4607542.4,4490151.1,4372759.8,4255368.5,4137977.2,4020585.9,3903194.6,3785803.3,3668412.0,3582588.1,3496764.2,3410940.3,3325116.4,3239292.5,3153468.6,3067644.7,2981820.8,2895996.9,2810173.0,2724349.1,2638525.2,2552701.3,2466877.4,2381053.5
MN,5706494.0,5666237.1,5625980.2,5585723.3,5545466.4,5505209.5,5464952.6,5424695.7,5384438.8,5344181.9,5303925.0,5265480.4,5227035.8,5188591.2,5150146.6,5111702.0,5073257.4,5034812.8,4996368.2,4957923.6,4919479.0,4865041.0,4810603.0,4756165.0,4701727.0,4647289.0,4592851.0,4538413.0,4483975.0,4429537.0,4375099.0,4345186.1,4315273.2,4285360.3,4255447.4,4225534.5,4195621.6,4165708.7,4135795.8,4105882.9,4075970.0,4048870.1,4021770.2,3994670.3,3967570.4,3940470.5,3913370.6,3886270.7,3859170.8,3832070.9,3804971.0,3765860.3,3726749.6,3687638.9,3648528.2,3609417.5,3570306.8,3531196.1,3492085.4,3452974.7,3413864.0,3370725.9,3327587.8,3284449.7,3241311.6,3198173.5,3155035.4,3111897.3,3068759.2,3025621.1,2982483.0,2963464.7,2944446.4,2925428.1,2906409.8,2887391.5,2868373.2,2849354.9,2830336.6,2811318.3,2792300.0,2769465.3,2746630.6,2723795.9,2700961.2,2678126.5,2655291.8,2632457.1,2609622.4,2586787.7,2563953.0,2546270.2,2528587.4,2510904.6,2493221.8,2475539.0,2457856.2,2440173.4,2422490.6,2404807.8,2387125.0,2355983.3,2324841.6,2293699.9,2262558.2,2231416.5,2200274.8,2169133.1,2137991.4,2106849.7,2075708.0,2044566.3,2013424.6,1982282.9,1951141.2,1919999.5
MS,2961279.0,2961880.8,2962482.6,2963084.4,2963686.2,2964288.0,2964889.8,2965491.6,2966093.4,2966695.2,2967297.0,2955033.1,2942769.2,2930505.3,2918241.4,2905977.5,2893713.6,2881449.7,2869185.8,2856921.9,2844658.0,2817513.8,2790369.6,2763225.4,2736081.2,2708937.0,2681792.8,2654648.6,2627504.4,2600360.2,2573216.0,2567958.2,2562700.4,2557442.6,2552184.8,2546927.0,2541669.2,2536411.4,2531153.6,2525895.8,2520638.0,2490265.4,2459892.8,2429520.2,2399147.6,2368775.0,2338402.4,2308029.8,2277657.2,2247284.6,2216912.0,2213034.9,2209157.8,2205280.7,2201403.6,2197526.5,2193649.4,2189772.3,2185895.2,2182018.1,2178141.0,2178218.3,2178295.6,2178372.9,2178450.2,2178527.5,2178604.8,2178682.1,2178759.4,2178836.7,2178914.0,2179402.2,2179890.4,2180378.6,2180866.8,2181355.0,2181843.2,2182331.4,2182819.6,2183307.8,2183796.0,2166398.5,2149001.0,2131603.5,2114206.0,2096808.5,2079411.0,2062013.5,2044616.0,2027218.5,2009821.0,1987900.7,1965980.4,1944060.1,1922139.8,1900219.5,1878299.2,1856378.9,1834458.6,1812538.3,1790618.0,1791267.6,1791917.2,1792566.8,1793216.4,1793866.0,1794515.6,1795165.2,1795814.8,1796464.4,1797114.0,1797763.6,1798413.2,1799062.8,1799712.4,1800362.0
MO,6154913.0,6138314.4,6121715.8,6105117.2,6088518.6,6071920.0,6055321.4,6038722.8,6022124.2,6005525.6,5988927.0,5949555.4,5910183.8,5870812.2,5831440.6,5792069.0,5752697.4,5713325.8,5673954.2,5634582.6,5595211.0,5547397.2,5499583.4,5451769.6,5403955.8,5356142.0,5308328.2,5260514.4,5212700.6,5164886.8,5117073.0,5097034.3,5076995.6,5056956.9,5036918.2,5016879.5,4996840.8,4976802.1,4956763.4,4936724.7,4916686.0,4892667.5,4868649.0,4844630.5,4820612.0,4796593.5,4772575.0,4748556.5,4724538.0,4700519.5,4676501.0,4640832.2,4605163.4,4569494.6,4533825.8,4498157.0,4462488.2,4426819.4,4391150.6,4355481.8,4319813.0,4283297.0,4246781.0,4210265.0,4173749.0,4137233.0,4100717.0,4064201.0,4027685.0,3991169.0,3954653.0,3937654.1,3920655.2,3903656.3,3886657.4,3869658.5,3852659.6,3835660.7,3818661.8,3801662.9,3784664.0,3769134.3,3753604.6,3738074.9,3722545.2,3707015.5,3691485.8,3675956.1,3660426.4,3644896.7,3629367.0,3606835.8,3584304.6,3561773.4,3539242.2,3516711.0,3494179.8,3471648.6,3449117.4,3426586.2,3404055.0,3392983.0,3381911.0,3370839.0,3359767.0,3348695.0,3337623.0,3326551.0,3315479.0,3304407.0,3293335.0,3282263.0,3271191.0,3260119.0,3249047.0,3237975.0
MT,1084225.0,1074744.0,1065263.0,1055782.0,1046301.0,1036820.0,1027339.0,1017858.0,1008377.0,998896.0,989415.0,980693.0,971971.0,963249.0,954527.0,945805.0,937083.0,928361.0,919639.0,910917.0,902195.0,891882.0,881569.0,871256.0,860943.0,850630.0,840317.0,830004.0,819691.0,809378.0,799065.0,797827.5,796590.0,795352.5,794115.0,792877.5,791640.0,790402.5,789165.0,787927.5,786690.0,777461.9,768233.8,759005.7,749777.6,740549.5,731321.4,722093.3,712865.2,703637.1,694409.0,692444.8,690480.6,688516.4,686552.2,684588.0,682623.8,680659.6,678695.4,676731.2,674767.0,666392.7,658018.4,649644.1,641269.8,632895.5,624521.2,616146.9,607772.6,599398.3,591024.0,587867.2,584710.4,581553.6,578396.8,575240.0,572083.2,568926.4,565769.6,562612.8,559456.0,557271.0,555086.0,552901.0,550716.0,548531.0,546346.0,544161.0,541976.0,539791.0,537606.0,538734.3,539862.6,540990.9,542119.2,543247.5,544375.8,545504.1,546632.4,547760.7,548889.0,531605.4,514321.8,497038.2,479754.6,462471.0,445187.4,427903.8000000001,410620.2,393336.6,376053.0,358769.4,341485.8,324202.2,306918.6,289635.0
NE,1961504.0,1947987.7,1934471.4,1920955.1,1907438.8,1893922.5,1880406.2,1866889.9,1853373.6,1839857.3,1826341.0,1814833.2,1803325.4,1791817.6,1780309.8,1768802.0,1757294.2,1745786.4,1734278.6,1722770.8,1711263.0,1697975.2,1684687.4,1671399.6,1658111.8,1644824.0,1631536.2,1618248.4,1604960.6,1591672.8,1578385.0,1577529.0,1576673.0,1575817.0,1574961.0,1574105.0,1573249.0,1572393.0,1571537.0,1570681.0,1569825.0,1561191.8,1552558.6,1543925.4,1535292.2,1526659.0,1518025.8,1509392.6,1500759.4,1492126.2,1483493.0,1476276.7,1469060.4,1461844.1,1454627.8,1447411.5,1440195.2,1432978.9,1425762.6,1418546.3,1411330.0,1402748.0,1394166.0,1385584.0,1377002.0,1368420.0,1359838.0,1351256.0,1342674.0,1334092.0,1325510.0,1324542.4,1323574.8,1322607.2,1321639.6,1320672.0,1319704.4,1318736.8,1317769.2,1316801.6,1315834.0,1322046.9,1328259.8,1334472.7,1340685.6,1346898.5,1353111.4,1359324.3,1365537.2,1371750.1,1377963.0,1369803.9,1361644.8,1353485.7,1345326.6,1337167.5,1329008.4,1320849.3,1312690.2,1304531.1,1296372.0,1285956.2,1275540.4,1265124.6,1254708.8,1244293.0,1233877.2,1223461.4,1213045.6,1202629.8,1192214.0,1181798.2,1171382.4,1160966.6,1150550.8,1140135.0
NV,3104614.0,3064207.7,3023801.4,2983395.1,2942988.8,2902582.5,2862176.2,2821769.9,2781363.6,2740957.3,2700551.0,2630321.6,2560092.2,2489862.8,2419633.4,2349404.0,2279174.6,2208945.2,2138715.8,2068486.4,1998257.0,1918614.6,1838972.2,1759329.8,1679687.4,1600045.0,1520402.6,1440760.2000000002,1361117.8,1281475.4,1201833.0,1161699.0,1121565.0,1081431.0,1041297.0,1001163.0,961029.0,920895.0,880761.0,840627.0,800493.0,769317.5,738142.0,706966.5,675791.0,644615.5,613440.0,582264.5,551089.0,519913.5,488738.0,468392.0,448046.0,427700.0,407354.0,387008.0,366662.0,346316.0,325970.0,305624.0,285278.0,272758.5,260239.0,247719.5,235200.0,222680.5,210161.0,197641.5,185122.0,172602.5,160083.0,155099.4,150115.8,145132.2,140148.6,135165.0,130181.4,125197.8,120214.2,115230.6,110247.0,108328.1,106409.2,104490.3,102571.4,100652.5,98733.6,96814.7,94895.8,92976.9,91058.0,89692.9,88327.8,86962.7,85597.6,84232.5,82867.4,81502.3,80137.2,78772.1,77407.0,77853.8,78300.6,78747.4,79194.2,79641.0,80087.8,80534.6,80981.4,81428.2,81875.0,82321.8,82768.6,83215.4,83662.2,84109.0
NH,1377529.0,1371423.1,1365317.2,1359211.3,1353105.4,1346999.5,1340893.6,1334787.7,1328681.8,1322575.9,1316470.0,1308401.6,1300333.2,1292264.8,1284196.4,1276128.0,1268059.6,1259991.2,1251922.8,1243854.4,1235786.0,1223132.6,1210479.2,1197825.8,1185172.4,1172519.0,1159865.6,1147212.2,1134558.8,1121905.4,1109252.0,1090387.8,1071523.6,1052659.4,1033795.2,1014931.0,996066.8,977202.6,958338.4,939474.2,920610.0,902317.1,884024.2,865731.3,847438.4,829145.5,810852.6,792559.7,774266.8,755973.9,737681.0,724605.0,711529.0,698453.0,685377.0,672301.0,659225.0,646149.0,633073.0,619997.0,606921.0,599553.1,592185.2,584817.3,577449.4,570081.5,562713.6,555345.7,547977.8,540609.9,533242.0,529070.2,524898.4,520726.6,516554.8,512383.0,508211.2,504039.4,499867.6,495695.8,491524.0,488900.9,486277.8,483654.7,481031.6,478408.5,475785.4,473162.3,470539.2,467916.1,465293.0,463072.0,460851.0,458630.0,456409.0,454188.0,451967.0,449746.0,447525.0,445304.0,443083.0,441831.9,440580.8,439329.7,438078.6,436827.5,435576.4,434325.3,433074.2,431823.1,430572.0,429320.9,428069.8,426818.7,425567.6,424316.5
NJ,9288994.0,9239284.0,9189574.0,9139864.0,9090154.0,9040444.0,8990734.0,8941024.0,8891314.0,8841604.0,8791894.0,8754139.6,8716385.2,8678630.8,8640876.4,8603122.0,8565367.6,8527613.2,8489858.8,8452104.4,8414350.0,8345933.8,8277517.6,8209101.4,8140685.2,8072269.0,8003852.8,7935436.6,7867020.4,7798604.2,7730188.0,7693651.5,7657115.0,7620578.5,7584042.0,7547505.5,7510969.0,7474432.5,7437896.0,7401359.5,7364823.0,7345157.1,7325491.2,7305825.3,7286159.4,7266493.5,7246827.6,7227161.7,7207495.8,7187829.9,7168164.0,7058025.8,6947887.6,6837749.4,6727611.2,6617473.0,6507334.8,6397196.6,6287058.4,6176920.2,6066782.0,5943636.7,5820491.4,5697346.1,5574200.8,5451055.5,5327910.2,5204764.9,5081619.6,4958474.3,4835329.0,4767812.6,4700296.2,4632779.8,4565263.4,4497747.0,4430230.6,4362714.2,4295197.8,4227681.4,4160165.0,4148281.9,4136398.8,4124515.7,4112632.6,4100749.5,4088866.4,4076983.3,4065100.2,4053217.1,4041334.0,3952790.6,3864247.2,3775703.8,3687160.4,3598617.0,3510073.6,3421530.2,3332986.8,3244443.4,3155900.0,3094026.7,3032153.4,2970280.1,2908406.8,2846533.5,2784660.2,2722786.9,2660913.6,2599040.3,2537167.0,2475293.7,2413420.4,2351547.1,2289673.8,2227800.5
NM,2117522.0,2111687.7,2105853.4,2100019.1,2094184.8,2088350.5,2082516.2,2076681.9,2070847.6,2065013.3,2059179.0,2035165.7,2011152.4,1987139.1,1963125.8,1939112.5,1915099.2,1891085.9,1867072.6,1843059.3,1819046.0,1788648.3,1758250.6,1727852.9,1697455.2,1667057.5,1636659.8,1606262.1,1575864.4,1545466.7,1515069.0,1493851.5,1472634.0,1451416.5,1430199.0,1408981.5,1387764.0,1366546.5,1345329.0,1324111.5,1302894.0,1274204.6,1245515.2,1216825.8,1188136.4,1159447.0,1130757.6,1102068.2,1073378.8,1044689.4,1016000.0,1009502.3,1003004.6,996506.9,990009.2,983511.5,977013.8,970516.1,964018.4,957520.7,951023.0,924039.4,897055.8,870072.2,843088.6,816105.0,789121.4,762137.8,735154.2,708170.6,681187.0,666250.1,651313.2,636376.3,621439.4,606502.5,591565.6,576628.7,561691.8,546754.9,531818.0,520967.9,510117.8,499267.7,488417.6,477567.5,466717.4,455867.3,445017.2,434167.1,423317.0,417020.3,410723.6,404426.9,398130.2,391833.5,385536.8,379240.1,372943.4,366646.7,360350.0,357045.1,353740.2,350435.3,347130.4,343825.5,340520.6,337215.7,333910.8,330605.9,327301.0,323996.1,320691.2,317386.3,314081.4,310776.5
NY,20201249.0,20118934.3,20036619.6,19954304.9,19871990.2,19789675.5,19707360.8,19625046.1,19542731.4,19460416.7,19378102.0,19337937.5,19297773.0,19257608.5,19217444.0,19177279.5,19137115.0,19096950.5,19056786.0,19016621.5,18976457.0,18877856.8,18779256.6,18680656.4,18582056.2,18483456.0,18384855.8,18286255.6,18187655.4,18089055.2,17990455.0,17947216.7,17903978.4,17860740.1,17817501.8,17774263.5,17731025.2,17687786.9,17644548.6,17601310.3,17558072.0,17625961.5,17693851.0,17761740.5,17829630.0,17897519.5,17965409.0,18033298.5,18101188.0,18169077.5,18236967.0,18091500.7,17946034.4,17800568.1,17655101.8,17509635.5,17364169.2,17218702.9,17073236.6,16927770.3,16782304.0,16587092.8,16391881.6,16196670.4,16001459.2,15806248.0,15611036.8,15415825.6,15220614.4,15025403.2,14830192.0,14695087.0,14559982.0,14424877.0,14289772.0,14154667.0,14019562.0,13884457.0,13749352.0,13614247.0,13479142.0,13390034.4,13300926.8,13211819.2,13122711.6,13033604.0,12944496.4,12855388.8,12766281.2,12677173.6,12588066.0,12367782.1,12147498.2,11927214.3,11706930.4,11486646.5,11266362.6,11046078.7,10825794.8,10605510.9,10385227.0,10258065.7,10130904.4,10003743.1,9876581.8,9749420.5,9622259.2,9495097.9,9367936.6,9240775.3,9113614.0,8986452.7,8859291.4,8732130.1,8604968.8,8477807.5
NC,10439388.0,10348997.5,10258607.0,10168216.5,10077826.0,9987435.5,9897045.0,9806654.5,9716264.0,9625873.5,9535483.0,9386866.0,9238249.0,9089632.0,8941015.0,8792398.0,8643781.0,8495164.0,8346547.0,8197930.0,8049313.0,7907245.4,7765177.8,7623110.2,7481042.6,7338975.0,7196907.4,7054839.8,6912772.2,6770704.6,6628637.0,6553949.9,6479262.8,6404575.7,6329888.6,6255201.5,6180514.4,6105827.3,6031140.2,5956453.1,5881766.0,5801795.3,5721824.6,5641853.9,5561883.2,5481912.5,5401941.8,5321971.1,5242000.4,5162029.7,5082059.0,5029468.6,4976878.2,4924287.8,4871697.4,4819107.0,4766516.6,4713926.2,4661335.8,4608745.4,4556155.0,4506732.4,4457309.8,4407887.2,4358464.6,4309042.0,4259619.4,4210196.8,4160774.2,4111351.6,4061929.0,4012898.4,3963867.8,3914837.2,3865806.6,3816776.0,3767745.4,3718714.8,3669684.2,3620653.6,3571623.0,3531488.3,3491353.6,3451218.9,3411084.2,3370949.5,3330814.8,3290680.1,3250545.4,3210410.7,3170276.0,3109160.7,3048045.4,2986930.1,2925814.8,2864699.5,2803584.2,2742468.9,2681353.6,2620238.3,2559123.0,2523839.4,2488555.8,2453272.2,2417988.6,2382705.0,2347421.4,2312137.8,2276854.2,2241570.6,2206287.0,2171003.4,2135719.8,2100436.2,2065152.6,2029869.0
ND,779094.0,768443.7,757793.4,747143.1,736492.8,725842.5,715192.2,704541.9,693891.6,683241.3,672591.0,669551.9,666512.8,663473.7,660434.6,657395.5,654356.4,651317.3,648278.2,645239.1,642200.0,641860.0,641520.0,641180.0,640840.0,640500.0,640160.0,639820.0,639480.0,639140.0,638800.0,640191.7,641583.4,642975.1,644366.8,645758.5,647150.2,648541.9,649933.6,651325.3,652717.0,649221.4,645725.8,642230.2,638734.6,635239.0,631743.4,628247.8,624752.2,621256.6,617761.0,619229.5,620698.0,622166.5,623635.0,625103.5,626572.0,628040.5,629509.0,630977.5,632446.0,631165.0,629884.0,628603.0,627322.0,626041.0,624760.0,623479.0,622198.0,620917.0,619636.0,621865.9,624095.8,626325.7,628555.6,630785.5,633015.4,635245.3,637475.2,639705.1,641935.0,645826.0,649717.0,653608.0,657499.0,661390.0,665281.0,669172.0,673063.0,676954.0,680845.0,677447.7,674050.4,670653.1,667255.8,663858.5,660461.2,657063.9,653666.6,650269.3,646872.0,639890.4,632908.8,625927.2,618945.6,611964.0,604982.4,598000.8,591019.2,584037.6,577056.0,570074.4,563092.8,556111.2,549129.6,542148.0
OH,11799448.0,11773153.6,11746859.2,11720564.8,11694270.4,11667976.0,11641681.6,11615387.2,11589092.8,11562798.4,11536504.0,11518167.6,11499831.2,11481494.8,11463158.4,11444822.0,11426485.6,11408149.2,11389812.8,11371476.4,11353140.0,11302537.5,11251935.0,11201332.5,11150730.0,11100127.5,11049525.0,10998922.5,10948320.0,10897717.5,10847115.0,10842166.5,10837218.0,10832269.5,10827321.0,10822372.5,10817424.0,10812475.5,10807527.0,10802578.5,10797630.0,10783068.7,10768507.4,10753946.1,10739384.8,10724823.5,10710262.2,10695700.9,10681139.6,10666578.3,10652017.0,10557455.0,10462893.0,10368331.0,10273769.0,10179207.0,10084645.0,9990083.0,9895521.0,9800959.0,9706397.0,9530420.0,9354443.0,9178466.0,9002489.0,8826512.0,8650535.0,8474558.0,8298581.0,8122604.0,7946627.0,7842725.5,7738824.0,7634922.5,7531021.0,7427119.5,7323218.0,7219316.5,7115415.0,7011513.5,6907612.0,6881520.5,6855429.0,6829337.5,6803246.0,6777154.5,6751063.0,6724971.5,6698880.0,6672788.5,6646697.0,6557966.7,6469236.4,6380506.1,6291775.8,6203045.5,6114315.2,6025584.9,5936854.6,5848124.3,5759394.0,5660166.7,5560939.4,5461712.1,5362484.8,5263257.5,5164030.2,5064802.9,4965575.6,4866348.3,4767121.0,4667893.7,4568666.4,4469439.1,4370211.8,4270984.5
OK,3959353.0,3938552.8,3917752.6,3896952.4,3876152.2,3855352.0,3834551.8,3813751.6,3792951.4,3772151.2,3751351.0,3721281.3,3691211.6,3661141.9,3631072.2,3601002.5,3570932.8,3540863.1,3510793.4,3480723.7,3450654.0,3420147.1,3389640.2,3359133.3,3328626.4,3298119.5,3267612.6,3237105.7,3206598.8,3176091.9,3145585.0,3133555.5,3121526.0,3109496.5,3097467.0,3085437.5,3073408.0,3061378.5,3049349.0,3037319.5,3025290.0,2978683.9,2932077.8,2885471.7,2838865.6,2792259.5,2745653.4,2699047.3,2652441.2,2605835.1,2559229.0,2536134.5,2513040.0,2489945.5,2466851.0,2443756.5,2420662.0,2397567.5,2374473.0,2351378.5,2328284.0,2318790.7,2309297.4,2299804.1,2290310.8,2280817.5,2271324.2,2261830.9,2252337.6,2242844.3,2233351.0,2243659.3,2253967.6,2264275.9,2274584.2,2284892.5,2295200.8,2305509.1,2315817.4,2326125.7,2336434.0,2342394.6,2348355.2,2354315.8,2360276.4,2366237.0,2372197.6,2378158.2,2384118.8,2390079.4,2396040.0,2359264.3,2322488.6,2285712.9,2248937.2,2212161.5,2175385.8,2138610.1,2101834.4,2065058.7,2028283.0,1991170.2,1954057.4,1916944.6,1879831.8,1842719.0,1805606.2,1768493.4,1731380.6,1694267.8,1657155.0,1620042.2,1582929.4,1545816.6,1508703.8,1471591.0
OR,4237256.0,4196637.8,4156019.6,4115401.4,4074783.2,4034165.0,3993546.8,3952928.6,3912310.4,3871692.2,3831074.0,3790106.5,3749139.0,3708171.5,3667204.0,3626236.5,3585269.0,3544301.5,3503334.0,3462366.5,3421399.0,3363491.2,3305583.4,3247675.6,3189767.8,3131860.0,3073952.2,3016044.4,2958136.6,2900228.8,2842321.0,2821399.4,2800477.8,2779556.2,2758634.6,2737713.0,2716791.4,2695869.8,2674948.2,2654026.6,2633105.0,2578933.0,2524761.0,2470589.0,2416417.0,2362245.0,2308073.0,2253901.0,2199729.0,2145557.0,2091385.0,2059115.2,2026845.4,1994575.6,1962305.8,1930036.0,1897766.2,1865496.4,1833226.6,1800956.8,1768687.0,1743952.4,1719217.8,1694483.2,1669748.6,1645014.0,1620279.4,1595544.8,1570810.2,1546075.6,1521341.0,1478175.3,1435009.6,1391843.9,1348678.2,1305512.5,1262346.8,1219181.1,1176015.4,1132849.7,1089684.0,1076094.2,1062504.4,1048914.6,1035324.8,1021735.0,1008145.2,994555.4,980965.6,967375.8,953786.0,936746.3,919706.6,902666.9,885627.2,868587.5,851547.8,834508.1,817468.4,800428.7,783389.0,772326.6,761264.2,750201.8,739139.4,728077.0,717014.6,705952.2,694889.8,683827.4,672765.0,661702.6,650640.2,639577.8,628515.4,617453.0
PA,13002700.0,12972667.9,12942635.8,12912603.7,12882571.6,12852539.5,12822507.4,12792475.3,12762443.2,12732411.1,12702379.0,12660246.5,12618114.0,12575981.5,12533849.0,12491716.5,12449584.0,12407451.5,12365319.0,12323186.5,12281054.0,12241112.9,12201171.8,12161230.7,12121289.6,12081348.5,12041407.4,12001466.3,11961525.2,11921584.1,11881643.0,11879868.2,11878093.4,11876318.6,11874543.8,11872769.0,11870994.2,11869219.4,11867444.6,11865669.8,11863895.0,11856896.4,11849897.8,11842899.2,11835900.6,11828902.0,11821903.4,11814904.8,11807906.2,11800907.6,11793909.0,11746454.7,11699000.4,11651546.1,11604091.8,11556637.5,11509183.2,11461728.9,11414274.6,11366820.3,11319366.0,11237230.6,11155095.2,11072959.8,10990824.4,10908689.0,10826553.6,10744418.2,10662282.8,10580147.4,10498012.0,10438228.8,10378445.6,10318662.4,10258879.2,10199096.0,10139312.8,10079529.6,10019746.4,9959963.2,9900180.0,9873297.0,9846414.0,9819531.0,9792648.0,9765765.0,9738882.0,9711999.0,9685116.0,9658233.0,9631350.0,9540216.7,9449083.4,9357950.1,9266816.8,9175683.5,9084550.2,8993416.9,8902283.6,8811150.3,8720017.0,8614526.4,8509035.8,8403545.2,8298054.6,8192564.0,8087073.4,7981582.8,7876092.2,7770601.6,7665111.0,7559620.4,7454129.8,7348639.2,7243148.6,7137658.0
RI,1097379.0,1092897.8,1088416.6,1083935.4,1079454.2,1074973.0,1070491.8,1066010.6,1061529.4,1057048.2,1052567.0,1052142.2,1051717.4,1051292.6,1050867.8,1050443.0,1050018.2,1049593.4,1049168.6,1048743.8,1048319.0,1043833.5,1039348.0,1034862.5,1030377.0,1025891.5,1021406.0,1016920.5,1012435.0,1007949.5,1003464.0,997833.0,992202.0,986571.0,980940.0,975309.0,969678.0,964047.0,958416.0,952785.0,947154.0,947111.1,947068.2,947025.3,946982.4,946939.5,946896.6,946853.7,946810.8,946767.9,946725.0,938001.3,929277.6,920553.9,911830.2,903106.5,894382.8,885659.1,876935.4,868211.7,859488.0,852728.8,845969.6,839210.4,832451.2,825692.0,818932.8,812173.6,805414.4,798655.2,791896.0,784041.0,776186.0,768331.0,760476.0,752621.0,744766.0,736911.0,729056.0,721201.0,713346.0,710761.1,708176.2,705591.3,703006.4,700421.5,697836.6,695251.7,692666.8,690081.9,687497.0,679187.0,670877.0,662567.0,654257.0,645947.0,637637.0,629327.0,621017.0,612707.0,604397.0,598218.3,592039.6,585860.9,579682.2,573503.5,567324.8,561146.1,554967.4,548788.7,542610.0,536431.3,530252.6,524073.9,517895.2,511716.5
SC,5118425.0,5069118.9,5019812.8,4970506.7,4921200.6,4871894.5,4822588.4,4773282.3,4723976.2,4674670.1,4625364.0,4564028.8,4502693.6,4441358.4,4380023.2,4318688.0,4257352.8,4196017.6,4134682.4,4073347.2,4012012.0,3959481.1,3906950.2,3854419.3,3801888.4,3749357.5,3696826.6,3644295.7,3591764.8,3539233.9,3486703.0,3450214.7,3413726.4,3377238.1,3340749.8,3304261.5,3267773.2,3231284.9,3194796.6,3158308.3,3121820.0,3068689.6,3015559.2,2962428.8,2909298.4,2856168.0,2803037.6,2749907.2,2696776.8,2643646.4,2590516.0,2569723.8,2548931.6,2528139.4,2507347.2,2486555.0,2465762.8,2444970.6,2424178.4,2403386.2,2382594.0,2356037.3,2329480.6,2302923.9,2276367.2,2249810.5,2223253.8,2196697.1,2170140.4,2143583.7,2117027.0,2095304.7,2073582.4,2051860.1,2030137.8,2008415.5,1986693.2,1964970.9,1943248.6,1921526.3,1899804.0,1883700.1,1867596.2,1851492.3,1835388.4,1819284.5,1803180.6,1787076.7,1770972.8,1754868.9,1738765.0,1733260.9,1727756.8,1722252.7,1716748.6,1711244.5,1705740.4,1700236.3,1694732.2,1689228.1,1683724.0,1666891.6,1650059.2,1633226.8,1616394.4,1599562.0,1582729.6,1565897.2,1549064.8,1532232.4,1515400.0,1498567.6,1481735.2,1464902.8,1448070.4,1431238.0
SD,886667.0,879418.3,872169.6,864920.9,857672.2,850423.5,843174.8,835926.1,828677.4,821428.7,814180.0,808246.4,802312.8,796379.2,790445.6,784512.0,778578.4,772644.8,766711.2,760777.6,754844.0,748960.0,743076.0,737192.0,731308.0,725424.0,719540.0,713656.0,707772.0,701888.0,696004.0,695480.4,694956.8,694433.2,693909.6,693386.0,692862.4,692338.8,691815.2,691291.6,690768.0,688241.9,685715.8,683189.7,680663.6,678137.5,675611.4,673085.3,670559.2,668033.1,665507.0,667007.7,668508.4,670009.1,671509.8,673010.5,674511.2,676011.9,677512.6,679013.3,680514.0,677736.6,674959.2,672181.8,669404.4,666627.0,663849.6,661072.2,658294.8,655517.4,652740.0,651762.1,650784.2,649806.3,648828.4,647850.5,646872.6,645894.7,644916.8,643938.9,642961.0,647949.8,652938.6,657927.4,662916.2,667905.0,672893.8,677882.6,682871.4,687860.2,692849.0,687218.8,681588.6,675958.4,670328.2,664698.0,659067.8,653437.6,647807.4,642177.2,636547.0,631281.1,626015.2,620749.3,615483.4,610217.5,604951.6,599685.7,594419.8,589153.9,583888.0,578622.1,573356.2,568090.3,562824.4,557558.5
TN,6910840.0,6854366.5,6797893.0,6741419.5,6684946.0,6628472.5,6571999.0,6515525.5,6459052.0,6402578.5,6346105.0,6280422.8,6214740.6,6149058.4,6083376.2,6017694.0,5952011.8,5886329.6,5820647.4,5754965.2,5689283.0,5608073.2,5526863.4,5445653.6,5364443.8,5283234.0,5202024.2,5120814.4,5039604.6,4958394.8,4877185.0,4848578.5,4819972.0,4791365.5,4762759.0,4734152.5,4705546.0,4676939.5,4648333.0,4619726.5,4591120.0,4524376.7,4457633.4,4390890.1,4324146.8,4257403.5,4190660.2,4123916.9,4057173.6,3990430.3,3923687.0,3888027.2,3852367.4,3816707.6,3781047.8,3745388.0,3709728.2,3674068.4,3638408.6,3602748.8,3567089.0,3539551.9,3512014.8,3484477.7,3456940.6,3429403.5,3401866.4,3374329.3,3346792.2,3319255.1,3291718.0,3254130.3,3216542.6,3178954.9,3141367.2,3103779.5,3066191.8,3028604.1,2991016.4,2953428.7,2915841.0,2885912.5,2855984.0,2826055.5,2796127.0,2766198.5,2736270.0,2706341.5,2676413.0,2646484.5,2616556.0,2588688.9,2560821.8,2532954.7,2505087.6,2477220.5,2449353.4,2421486.3,2393619.2,2365752.1,2337885.0,2322575.4,2307265.8,2291956.2,2276646.6,2261337.0,2246027.4,2230717.8,2215408.2,2200098.6,2184789.0,2169479.4,2154169.8,2138860.2,2123550.6,2108241.0
TX,29145505.0,28745510.6,28345516.2,27945521.8,27545527.4,27145533.0,26745538.6,26345544.2,25945549.8,25545555.4,25145561.0,24716186.9,24286812.8,23857438.7,23428064.6,22998690.5,22569316.4,22139942.3,21710568.2,21281194.1,20851820.0,20465289.0,20078758.0,19692227.0,19305696.0,18919165.0,18532634.0,18146103.0,17759572.0,17373041.0,16986510.0,16710778.1,16435046.2,16159314.3,15883582.4,15607850.5,15332118.6,15056386.7,14780654.8,14504922.9,14229191.0,13925944.9,13622698.8,13319452.7,13016206.6,12712960.5,12409714.4,12106468.3,11803222.2,11499976.1,11196730.0,11035024.7,10873319.4,10711614.1,10549908.8,10388203.5,10226498.2,10064792.9,9903087.6,9741382.3,9579677.0,9392828.7,9205980.4,9019132.1,8832283.8,8645435.5,8458587.2,8271738.9,8084890.6,7898042.3,7711194.0,7581557.0,7451920.0,7322283.0,7192646.0,7063009.0,6933372.0,6803735.0,6674098.0,6544461.0,6414824.0,6355813.1,6296802.2,6237791.3,6178780.4,6119769.5,6060758.6,6001747.7,5942736.8,5883725.9,5824715.0,5708566.3,5592417.6,5476268.9,5360120.2,5243971.5,5127822.8,5011674.1,4895525.4,4779376.7,4663228.0,4586559.4,4509890.8,4433222.2,4356553.6,4279885.0,4203216.4,4126547.8,4049879.2,3973210.6,3896542.0,3819873.4,3743204.8,3666536.2,3589867.6,3513199.0
UT,3271616.0,3220842.9,3170069.8,3119296.7,3068523.6,3017750.5,2966977.4,2916204.3,2865431.2,2814658.1,2763885.0,2710813.4,2657741.8,2604670.2,2551598.6,2498527.0,2445455.4,2392383.8,2339312.2,2286240.6,2233169.0,2182137.1,2131105.2,2080073.3,2029041.4,1978009.5,1926977.6,1875945.7,1824913.8,1773881.9,1722850.0,1696668.7,1670487.4,1644306.1,1618124.8,1591943.5,1565762.2,1539580.9,1513399.6,1487218.3,1461037.0,1420860.6,1380684.2,1340507.8,1300331.4,1260155.0,1219978.6,1179802.2,1139625.8,1099449.4,1059273.0,1042408.4,1025543.8,1008679.2,991814.6,974950.0,958085.4,941220.8,924356.2,907491.6,890627.0,870450.5,850274.0,830097.5,809921.0,789744.5,769568.0,749391.5,729215.0,709038.5,688862.0,675006.8,661151.6,647296.4,633441.2,619586.0,605730.8,591875.6,578020.4,564165.2,550310.0,546063.7,541817.4,537571.1,533324.8,529078.5,524832.2,520585.9,516339.6,512093.3,507847.0,502001.9,496156.8,490311.7,484466.6,478621.5,472776.4,466931.3,461086.2,455241.1,449396.0,441791.5,434187.0,426582.5,418978.0,411373.5,403769.0,396164.5,388560.0,380955.5,373351.0,365746.5,358142.0,350537.5,342933.0,335328.5
VT,643077.0,641343.4,639609.8,637876.2,636142.6,634409.0,632675.4,630941.8,629208.2,627474.6,625741.0,624049.6,622358.2,620666.8,618975.4,617284.0,615592.6,613901.2,612209.8,610518.4,608827.0,604220.1,599613.2,595006.3,590399.4,585792.5,581185.6,576578.7,571971.8,567364.9,562758.0,557627.8,552497.6,547367.4,542237.2,537107.0,531976.8,526846.6,521716.4,516586.2,511456.0,504743.4,498030.8,491318.2,484605.6,477893.0,471180.4,464467.8,457755.2,451042.6,444330.0,438885.1,433440.2,427995.3,422550.4,417105.5,411660.6,406215.7,400770.8,395325.9,389881.0,388667.6,387454.2,386240.8,385027.4,383814.0,382600.6,381387.2,380173.8,378960.4,377747.0,375895.4,374043.8,372192.2,370340.6,368489.0,366637.4,364785.8,362934.2,361082.6,359231.0,359269.0,359307.0,359345.0,359383.0,359421.0,359459.0,359497.0,359535.0,359573.0,359611.0,358892.7,358174.4,357456.1,356737.8,356019.5,355301.2,354582.9,353864.6,353146.3,352428.0,352780.8,353133.6,353486.4,353839.2,354192.0,354544.8,354897.6,355250.4,355603.2,355956.0,356308.8,356661.6,357014.4,357367.2,357720.0
VA,8631393.0,8568356.1,8505319.2,8442282.3,8379245.4,8316208.5,8253171.6,8190134.7,8127097.8,8064060.9,8001024.0,7908773.1,7816522.2,7724271.3,7632020.4,7539769.5,7447518.6,7355267.7,7263016.8,7170765.9,7078515.0,6989399.3,6900283.6,6811167.9,6722052.2,6632936.5,6543820.8,6454705.1,6365589.4,6276473.7,6187358.0,6103304.0,6019250.0,5935196.0,5851142.0,5767088.0,5683034.0,5598980.0,5514926.0,5430872.0,5346818.0,5276985.6,5207153.2,5137320.8,5067488.4,4997656.0,4927823.6,4857991.2,4788158.8,4718326.4,4648494.0,4580339.5,4512185.0,4444030.5,4375876.0,4307721.5,4239567.0,4171412.5,4103258.0,4035103.5,3966949.0,3902122.1,3837295.2,3772468.3,3707641.4,3642814.5,3577987.6,3513160.7,3448333.8,3383506.9,3318680.0,3254589.3,3190498.6,3126407.9,3062317.2,2998226.5,2934135.8,2870045.1,2805954.4,2741863.7,2677773.0,2652180.8,2626588.6,2600996.4,2575404.2,2549812.0,2524219.8,2498627.6,2473035.4,2447443.2,2421851.0,2410584.6,2399318.2,2388051.8,2376785.4,2365519.0,2354252.6,2342986.2,2331719.8,2320453.4,2309187.0,2284429.5,2259672.0,2234914.5,2210157.0,2185399.5,2160642.0,2135884.5,2111127.0,2086369.5,2061612.0,2036854.5,2012097.0,1987339.5,1962582.0,1937824.5
WA,7705281.0,7607206.9,7509132.8,7411058.7,7312984.6,7214910.5,7116836.4,7018762.3,6920688.2,6822614.1,6724540.0,6641498.1,6558456.2,6475414.3,6392372.4,6309330.5,6226288.6,6143246.7,6060204.8,5977162.9,5894121.0,5791378.1,5688635.2,5585892.3,5483149.4,5380406.5,5277663.6,5174920.7,5072177.8,4969434.9,4866692.0,4793238.4,4719784.8,4646331.2,4572877.6,4499424.0,4425970.4,4352516.8,4279063.2,4205609.6,4132156.0,4059857.3,3987558.6,3915259.9,3842961.2,3770662.5,3698363.8,3626065.1,3553766.4,3481467.7,3409169.0,3353573.5,3297978.0,3242382.5,3186787.0,3131191.5,3075596.0,3020000.5,2964405.0,2908809.5,2853214.0,2805788.9,2758363.8,2710938.7,2663513.6,2616088.5,2568663.4,2521238.3,2473813.2,2426388.1,2378963.0,2314685.8,2250408.6,2186131.4,2121854.2,2057577.0,1993299.8,1929022.6,1864745.4,1800468.2000000002,1736191.0,1718911.5,1701632.0,1684352.5,1667073.0,1649793.5,1632514.0,1615234.5,1597955.0,1580675.5,1563396.0,1542718.5,1522041.0,1501363.5,1480686.0,1460008.5,1439331.0,1418653.5,1397976.0,1377298.5,1356621.0,1335157.9,1313694.8,1292231.7,1270768.6,1249305.5,1227842.4,1206379.3,1184916.2,1163453.1,1141990.0,1120526.9,1099063.8,1077600.7,1056137.6,1034674.5
WV,1793716.0,1799643.8,1805571.6,1811499.4,1817427.2,1823355.0,1829282.8,1835210.6,1841138.4,1847066.2,1852994.0,1848529.0,1844064.0,1839599.0,1835134.0,1830669.0,1826204.0,1821739.0,1817274.0,1812809.0,1808344.0,1806857.3,1805370.6,1803883.9,1802397.2,1800910.5,1799423.8,1797937.1,1796450.4,1794963.7,1793477.0,1809093.7,1824710.4,1840327.1,1855943.8,1871560.5,1887177.2,1902793.9,1918410.6,1934027.3,1949644.0,1929103.3,1908562.6,1888021.9,1867481.2,1846940.5,1826399.8,1805859.1,1785318.4,1764777.7,1744237.0,1755855.4,1767473.8,1779092.2,1790710.6,1802329.0,1813947.4,1825565.8,1837184.2,1848802.6,1860421.0,1874934.1,1889447.2,1903960.3,1918473.4,1932986.5,1947499.6,1962012.7,1976525.8,1991038.9,2005552.0,1995194.2,1984836.4,1974478.6,1964120.8,1953763.0,1943405.2,1933047.4,1922689.6,1912331.8,1901974.0,1884697.1,1867420.2,1850143.3,1832866.4,1815589.5,1798312.6,1781035.7,1763758.8,1746481.9,1729205.0,1702654.6,1676104.2,1649553.8,1623003.4,1596453.0,1569902.6,1543352.2,1516801.8,1490251.4,1463701.0,1439442.8,1415184.6,1390926.4,1366668.2,1342410.0,1318151.8,1293893.6,1269635.4,1245377.2,1221119.0,1196860.8,1172602.6,1148344.4,1124086.2,1099828.0
WI,5893718.0,5873044.8,5852371.6,5831698.4,5811025.2,5790352.0,5769678.8,5749005.6,5728332.4,5707659.2,5686986.0,5654654.9,5622323.8,5589992.7,5557661.6,5525330.5,5492999.4,5460668.3,5428337.2,5396006.1,5363675.0,5316484.4,5269293.8,5222103.2,5174912.6,5127722.0,5080531.4,5033340.8,4986150.2,4938959.6,4891769.0,4873168.8,4854568.6,4835968.4,4817368.2,4798768.0,4780167.8,4761567.6,4742967.4,4724367.2,4705767.0,4676963.4,4648159.8,4619356.2,4590552.6,4561749.0,4532945.4,4504141.8,4475338.2,4446534.6,4417731.0,4371135.6,4324540.2,4277944.8,4231349.4,4184754.0,4138158.6,4091563.2,4044967.8,3998372.4,3951777.0,3900056.8,3848336.6,3796616.4,3744896.2,3693176.0,3641455.8,3589735.6,3538015.4,3486295.2,3434575.0,3404876.2,3375177.4,3345478.6,3315779.8,3286081.0,3256382.2,3226683.4,3196984.6,3167285.8,3137587.0,3117728.9,3097870.8,3078012.7,3058154.6,3038296.5,3018438.4,2998580.3,2978722.2,2958864.1,2939006.0,2908312.1,2877618.2,2846924.3,2816230.4,2785536.5,2754842.6,2724148.7,2693454.8,2662760.9,2632067.0,2602246.3,2572425.6,2542604.9,2512784.2,2482963.5,2453142.8,2423322.1,2393501.4,2363680.7,2333860.0,2304039.3,2274218.6,2244397.9,2214577.2,2184756.5
WY,576851.0,575528.5,574206.0,572883.5,571561.0,570238.5,568916.0,567593.5,566271.0,564948.5,563626.0,556641.6,549657.2,542672.8,535688.4,528704.0,521719.6,514735.2,507750.8,500766.4,493782.0,489762.6,485743.2,481723.8,477704.4,473685.0,469665.6,465646.2,461626.8,457607.4,453588.0,455184.9,456781.8,458378.7,459975.6,461572.5,463169.4,464766.3,466363.2,467960.1,469557.0,455842.9,442128.8,428414.7,414700.6,400986.5,387272.4,373558.3,359844.2,346130.1,332416.0,332181.0,331946.0,331711.0,331476.0,331241.0,331006.0,330771.0,330536.0,330301.0,330066.0,326112.3,322158.6,318204.9,314251.2,310297.5,306343.8,302390.1,298436.4,294482.7,290529.0,286550.3,282571.6,278592.9,274614.2,270635.5,266656.8,262678.1,258699.4,254720.7,250742.0,248224.3,245706.6,243188.9,240671.2,238153.5,235635.8,233118.1,230600.4,228082.7,225565.0,222448.7,219332.4,216216.1,213099.8,209983.5,206867.2,203750.9,200634.6,197518.3,194402.0,189558.3,184714.6,179870.9,175027.2,170183.5,165339.8,160496.1,155652.4,150808.7,145965.0,141121.3,136277.6,131433.9,126590.2,121746.5
